{
    "application": {
        "id": "",
        "title": "com.deloitte.scp.app.InvoiceProcessors.invoiceprocessors",
        "description": "Invoice Management",
        "type": "SAP_UI5_Component",
        "componentUrl": "/",
        "appUrl": "#invoiceprocessors-Display",
        "navigationComponentName": "com.deloitte.scp.app.InvoiceProcessors",
        "intentSemanticObject": "invoiceprocessors",
        "intentAction": "Display",
        "html5ApplicationName": "invoiceprocessors",
        "HCPParentApplicationName": ""
    },
    "assignment": {
        "groups": [
            "ea67292e-e073-460b-aedf-0ca3c9056982-1551195680013"
        ],
        "contentPackages": [
            "7c550a29-e50e-44b5-9494-1948ffec5e4c-1551195335941"
        ],
        "categories": []
    },
    "tile": {
        "type": "DynamicTile",
        "title": "Invoice Management",
        "subtitle": "Details of Invoices",
        "searchKeywords": "Invoice Management,Details of Invoices",
        "displayIconUrl": "sap-icon://approvals",
        "displayInfoText": "",
        "size": "1x1",
        "serviceURL": "/sap/fiori/invoiceprocessors/HDB_SCP/com/deloitte/apps/invoiceprocessor/InvoiceServices.xsodata/Invoice/$count",
        "refreshInterval": 10,
        "displayNumberUnit": "InvoiceType"
    }
}