{
  "Component-dbg.js": 1548266333870,
  "Component-preload.js": 1548266333920,
  "Component.js": 1548259116000,
  "controller/InvoiceDetail-dbg.controller.js": 1548266333870,
  "controller/InvoiceDetail.controller.js": 1548259116000,
  "controller/InvoiceList-dbg.controller.js": 1548266333870,
  "controller/InvoiceList.controller.js": 1548259116000,
  "css/style-dbg.css": 1548266333870,
  "css/style.css": 1548266333310,
  "di.code-validation.core_issues.json": 1548266333090,
  "extended_runnable_file.html": 1548259116000,
  "i18n/i18n.properties": 1548259116000,
  "index.html": 1548259116000,
  "localService/InvoiceServices.xsodata/metadata.xml": 1548259116000,
  "localService/metadata.xml": 1548259116000,
  "manifest-bundle.zip": 1548266334090,
  "manifest.json": 1548266333230,
  "model/models-dbg.js": 1548266333870,
  "model/models.js": 1548259116000,
  "neo-app.json": 1548266333960,
  "resources/Invoice_1.jpg": 1548259116000,
  "resources/Invoice_1.png": 1548259116000,
  "resources/Invoice_2.jpg": 1548259116000,
  "resources.json": 1548266333970,
  "serviceBinding-dbg.js": 1548266333870,
  "serviceBinding.js": 1548259116000,
  "view/InvoiceDetail.view.xml": 1548259116000,
  "view/InvoiceDetailChange.fragment.xml": 1548259116000,
  "view/InvoiceDetailDisplay.fragment.xml": 1548259116000,
  "view/InvoiceList.view.xml": 1548259116000,
  "view/InvoiceUploadDialog.fragment.xml": 1548259116000
}